

Anuncio

Resultados
Noticias
john2005_16@yahoo.com

Anuncio

Anuncio

Anuncio
Todos
EN DIRECTO
Cuotas
Finalizados
Próximos

25/02 Mi


Liga Profesional - Apertura
ARGENTINA: 

Clasificación


15:00
Barracas Central
Barracas Central
Tigre
Tigre
-
-

15:00
Gimnasia L.P.
Gimnasia L.P.
Rosario Central
Rosario Central
-
-

17:30
Newell's
Newell's
Estudiantes L.P.
Estudiantes L.P.
-
-

17:30
Vélez Sarsfield
Vélez Sarsfield
Deportivo Riestra
Deportivo Riestra
-
-

Copa Argentina
ARGENTINA: 

Cuadro


15:00
San Martín S.J.
San Martín S.J.
Deportivo Madryn
Deportivo Madryn
-
-

19:15
Godoy Cruz
Godoy Cruz
Deportivo Morón
Deportivo Morón
-
-

Serie A Betano
BRASIL: 

Clasificación


17:00
Bragantino
Bragantino
Athletico-PR
Athletico-PR
-
-

17:00
Remo
Remo
Internacional
Internacional
-
-

17:30
Coritiba
Coritiba
Sao Paulo
Sao Paulo
-
-

18:00
Cruzeiro
Cruzeiro
Corinthians
Corinthians
-
-

19:30
Grêmio
Grêmio
Atlético-MG
Atlético-MG
-
-

19:30
Palmeiras
Palmeiras
Fluminense
Fluminense
-
-

Amazonense - Segunda fase
BRASIL: 

Clasificación


14:30
Manaus
Manaus
Sao Raimundo AM
Sao Raimundo AM
-
-

19:00
Manauara
Manauara
Itacoatiara
Itacoatiara
-
-

Paulista A2 - Primera fase
BRASIL: 

Clasificación


13:00
Monte Azul
Monte Azul
Juventus-SP
Juventus-SP
-
-

13:00
Santo Andre
Santo Andre
Sertaozinho
Sertaozinho
-
-

17:00
Agua Santa
Agua Santa
Gremio Prudente
Gremio Prudente
-
-

17:30
Sao Bento
Sao Bento
Linense
Linense
-
-

18:00
Ferroviaria
Ferroviaria
Votuporanguense
Votuporanguense
-
-

18:00
Inter de Limeira
Inter de Limeira
Osasco Sporting
Osasco Sporting
-
-

18:00
Sao Jose EC
Sao Jose EC
Ituano
Ituano
-
-

18:00
Taubate
Taubate
Piracicaba
Piracicaba
-
-

Paulista A3
BRASIL: 

Clasificación


13:00
Desportivo
Desportivo
Uniao Sao Joao
Uniao Sao Joao
-
-

13:00
EC Sao Bernardo
EC Sao Bernardo
Uniao Barbarense
Uniao Barbarense
-
-

13:00
Rio Preto
Rio Preto
Paulista
Paulista
-
-

13:00
Uniao Suzano
Uniao Suzano
Bandeirante
Bandeirante
-
-

17:30
Catanduva
Catanduva
Marilia
Marilia
-
-

17:30
Francana
Francana
Rio Branco SP
Rio Branco SP
-
-

17:30
XV de Jau
XV de Jau
Portuguesa Santista
Portuguesa Santista
-
-

Paulista A4
BRASIL: 

Clasificación


13:00
Colorado Caieiras
Colorado Caieiras
Comercial
Comercial
-
-

13:00
Jabaquara
Jabaquara
Barretos EC
Barretos EC
-
-

13:00
Jacarei FC
Jacarei FC
AEA Aracatuba
AEA Aracatuba
-
-

13:00
Nacional SP
Nacional SP
Lemense
Lemense
-
-

13:00
Sao Caetano
Sao Caetano
ECUS SP
ECUS SP
-
-

13:00
Taquaritinga
Taquaritinga
Penapolense
Penapolense
-
-

17:00
Sao-Carlense
Sao-Carlense
Tanabi
Tanabi
-
-

17:30
Vocem
Vocem
Inter de Bebedouro
Inter de Bebedouro
-
-

Rondoniense
BRASIL: 

Clasificación


15:30
SRF
Barcelona RO
Barcelona RO
Rondoniense
Rondoniense
-
-

18:30
SRF
Uniao Cacoalense
Uniao Cacoalense
Genus
Genus
-
-

19:30
SRF
Porto Velho
Porto Velho
Ji-Parana
Ji-Parana
-
-

Sergipano - Playoffs
BRASIL: 

Cuadro


18:30
Confianca
Confianca
Itabaiana
Itabaiana
-
-

Copa Betano do Brasil
BRASIL: 

Cuadro


13:30
Castanhal
Castanhal
Guaraní
Guaraní
-
-

13:30
Juazeirense
Juazeirense
Capital
Capital
-
-

14:00
Atlético-GO
Atlético-GO
Primavera AC
Primavera AC
-
-

16:00
Madureira
Madureira
ABC
ABC
-
-

16:00
Novorizontino
Novorizontino
Nacional-AM
Nacional-AM
-
-

17:00
Londrina
Londrina
SC Penedense
SC Penedense
-
-

17:00
Retro
Retro
Uberlandia
Uberlandia
-
-

17:00
Sao Luiz
Sao Luiz
Maranhao
Maranhao
-
-

17:00
Tombense
Tombense
Oratorio
Oratorio
-
-

17:30
Anapolis
Anapolis
Cianorte
Cianorte
-
-

17:30
Imperatriz
Imperatriz
Amazonas
Amazonas
-
-

17:45
Ceilandia
Ceilandia
Jacuipense
Jacuipense
-
-

18:00
Aguia De Maraba
Aguia De Maraba
Independencia
Independencia
-
-

18:00
ASA
ASA
Operario MS
Operario MS
-
-

18:00
Gama
Gama
Goiás
Goiás
-
-

18:00
Sao Bernardo
Sao Bernardo
Alagoinhas
Alagoinhas
-
-

18:00
SER Caxias
SER Caxias
Guarany de Bage
Guarany de Bage
-
-

18:00
Ypiranga FC
Ypiranga FC
Ji-Parana
Ji-Parana
-
-

19:00
Mixto
Mixto
Botafogo PB
Botafogo PB
-
-

Brasileirao Sub-20
BRASIL: 

Tabla En Directo


13:00
América-MG Sub-20
América-MG Sub-20
Fluminense Sub-20
Fluminense Sub-20
-
-

13:00
Criciúma Sub-20
Criciúma Sub-20
Cruzeiro Sub-20
Cruzeiro Sub-20
-
-

13:00
Santos Sub-20
Santos Sub-20
Grêmio Sub-20
Grêmio Sub-20
-
-

Primera A - Apertura
COLOMBIA: 

Clasificación


19:00
Ind. Santa Fe
Ind. Santa Fe
Atl. Nacional
Atl. Nacional
-
-

Liga Femenina
COLOMBIA: 

Clasificación


16:00
Santa Fe F
Santa Fe F
Atl. Nacional F
Atl. Nacional F
-
-

LaLiga Hypermotion
ESPAÑA: 

Clasificación


13:00
AD Ceuta
AD Ceuta
Córdoba
Córdoba

Champions League - Playoffs
EUROPA: 

Cuadro


12:45
Atalanta
Atalanta
Borussia Dortmund
Borussia Dortmund

15:00
Juventus
Juventus
Galatasaray
Galatasaray

15:00
PSG
PSG
Mónaco
Mónaco

15:00
Real Madrid
Real Madrid
Benfica
Benfica

Championship
INGLATERRA: 

Clasificación


14:45
Millwall
Millwall
Birmingham
Birmingham
-
-

14:45
Norwich
Norwich
Sheffield Wed
Sheffield Wed
-
-

14:45
Sheffield Utd
Sheffield Utd
Coventry
Coventry
-
-

15:00
Stoke
Stoke
Oxford Utd
Oxford Utd
-
-

National League
INGLATERRA: 

Clasificación


14:45
Braintree
Braintree
Aldershot
Aldershot
-
-

14:45
Eastleigh
Eastleigh
Truro
Truro
-
-

14:45
Gateshead
Gateshead
Morecambe
Morecambe
-
-

14:45
Hartlepool
Hartlepool
Carlisle
Carlisle
-
-

14:45
Woking
Woking
Solihull Moors
Solihull Moors
-
-

14:45
Yeovil
Yeovil
Sutton
Sutton
-
-

Liga de Expansión MX - Clausura
MÉXICO: 

Clasificación


20:00
Irapuato
Irapuato
Atlante
Atlante
-
-
Amistosos Internacionales
MUNDIAL: 


mostrar partidos (1)
Amistosos de Clubs
MUNDIAL: 


mostrar partidos (10)

CONCACAF Champions Cup
NORTE, CENTROAMÉRICA Y CARIBE: 

Cuadro


19:00
Cincinnati
Cincinnati
Universidad O&M
Universidad O&M
-
-

21:30
Vancouver Whitecaps
Vancouver Whitecaps
Cartaginés
Cartaginés
-
-

23:30
Los Angeles Galaxy
Los Angeles Galaxy
Sporting SM
Sporting SM
-
-

Copa de Primera - Apertura
PARAGUAY: 

Clasificación


16:30
S. Ameliano
S. Ameliano
Cerro Porteño
Cerro Porteño
-
-

18:30
Olimpia
Olimpia
Libertad
Libertad
-
-

18:30
Sportivo Trinidense
Sportivo Trinidense
Sp. Luqueño
Sp. Luqueño
-
-

Copa Libertadores - Clasificación
SUDAMÉRICA: 

Cuadro


17:00
Bahia (Bra)
Bahia (Bra)
O'Higgins (Chi)
O'Higgins (Chi)
-
-

19:30
Argentinos Jrs. (Arg)
Argentinos Jrs. (Arg)
Barcelona SC (Ecu)
Barcelona SC (Ecu)
-
-

19:30
Botafogo (Bra)
Botafogo (Bra)
Nacional Potosí (Bol)
Nacional Potosí (Bol)
-
-

Super League
SUIZA: 

Clasificación


13:00
Winterthur
Winterthur
Thun
Thun