

Anuncio

Resultados
Noticias
john2005_16@yahoo.com

Anuncio

Anuncio

Anuncio
Todos
EN DIRECTO
Cuotas
Finalizados
Próximos

27/02 Vi


Bundesliga
ALEMANIA: 

Clasificación


14:30
Augsburgo
Augsburgo
Colonia
Colonia
-
-

2. Bundesliga
ALEMANIA: 

Clasificación


12:30
Dynamo Dresden
Dynamo Dresden
Darmstadt
Darmstadt
-
-

12:30
Fortuna Düsseldorf
Fortuna Düsseldorf
Bochum
Bochum
-
-

3. Liga
ALEMANIA: 

Clasificación


13:00
Hoffenheim II
Hoffenheim II
1860 Múnich
1860 Múnich
-
-

Primera Nacional
ARGENTINA: 

Clasificación


20:00
Gimnasia y Tiro
Gimnasia y Tiro
Almagro
Almagro
-
-

Jupiler Pro League
BÉLGICA: 

Clasificación


14:45
St. Lieja
St. Lieja
RAAL La Louviere
RAAL La Louviere
-
-

Capixaba - Playoffs
BRASIL: 

Cuadro


18:00
Vilavelhense
Vilavelhense
Desportiva Ferroviaria
Desportiva Ferroviaria
-
-

Carioca - Taça Río
BRASIL: 

Cuadro


18:00
Volta Redonda
Volta Redonda
Bangu
Bangu
-
-

Catarinense - Grupo Descenso
BRASIL: 

Clasificación


18:00
Joinville
Joinville
Figueirense
Figueirense
-
-

Brasileirao Sub-20
BRASIL: 

Tabla En Directo


13:00
Flamengo Sub-20
Flamengo Sub-20
Vitória Sub-20
Vitória Sub-20
-
-

17:00
Palmeiras Sub-20
Palmeiras Sub-20
Athletico-PR Sub-20
Athletico-PR Sub-20
-
-

Liga de Primera
CHILE: 

Clasificación


16:00
Cobresal
Cobresal
La Serena
La Serena
-
-

18:30
U. La Calera
U. La Calera
Audax
Audax
-
-

Primera A - Apertura
COLOMBIA: 

Clasificación


20:30
Once Caldas
Once Caldas
Boyacá Chicó
Boyacá Chicó
-
-

Primera B - Apertura
COLOMBIA: 

Tabla En Directo


15:00
Bogotá
Bogotá
Atletico F.C.
Atletico F.C.
-
-

15:00
Leones
Leones
Ind. Yumbo
Ind. Yumbo
-
-

Liga Pro
ECUADOR: 

Tabla En Directo


19:30
Técnico U.
Técnico U.
Orense
Orense
-
-

LaLiga EA Sports
ESPAÑA: 

Clasificación


15:00
Levante
Levante
Alavés
Alavés
-
-

LaLiga Hypermotion
ESPAÑA: 

Clasificación


14:30
Albacete
Albacete
Almería
Almería
-
-

Ligue 1
FRANCIA: 

Clasificación


14:45
Estrasburgo
Estrasburgo
Lens
Lens
-
-

Ligue 2
FRANCIA: 

Clasificación


14:00
Bastia
Bastia
Annecy
Annecy
-
-

14:00
Clermont
Clermont
Dunkerque
Dunkerque
-
-

14:00
Grenoble
Grenoble
Boulogne
Boulogne
-
-

14:00
Laval
Laval
Nancy
Nancy
-
-

14:00
Montpellier
Montpellier
Reims
Reims
-
-

Premier League
INGLATERRA: 

Clasificación


15:00
Wolves
Wolves
Aston Villa
Aston Villa
-
-

Championship
INGLATERRA: 

Clasificación


15:00
Bristol City
Bristol City
Watford
Watford
-
-

League Two
INGLATERRA: 

Clasificación


14:45
Harrogate
Harrogate
Cheltenham
Cheltenham
-
-

Serie A
ITALIA: 

Clasificación


14:45
Parma
Parma
Cagliari
Cagliari
-
-

Serie B
ITALIA: 

Clasificación


13:00
Monza
Monza
Entella
Entella
-
-

15:00
Sampdoria
Sampdoria
Bari
Bari
-
-

J1 League
JAPÓN: 

Clasificación


05:00
Hiroshima
Hiroshima
Kyoto
Kyoto
-
-

05:00
Machida
Machida
Chiba
Chiba
-
-

05:00
Vissel Kobe
Vissel Kobe
Avispa Fukuoka
Avispa Fukuoka
-
-

23:00
Yokohama M.
Yokohama M.
Verdy
Verdy
-
-

Liga MX - Clausura
MÉXICO: 

Clasificación


20:00
Mazatlán
Mazatlán
Pachuca
Pachuca
-
-

20:00
Querétaro
Querétaro
Santos Laguna
Santos Laguna
-
-

22:00
Juárez
Juárez
Atlas
Atlas
-
-

22:06
Tijuana
Tijuana
Pumas UNAM
Pumas UNAM
-
-

Liga de Expansión MX - Clausura
MÉXICO: 

Clasificación


18:00
Alebrijes Oaxaca
Alebrijes Oaxaca
Dorados
Dorados
-
-

20:00
Correcaminos U.A.T.
Correcaminos U.A.T.
Tapatio
Tapatio
-
-

20:00
Mineros
Mineros
Venados
Venados
-
-
Amistosos de Clubs
MUNDIAL: 


mostrar partidos (17)

Eredivisie
PAÍSES BAJOS: 

Clasificación


14:00
Telstar
Telstar
Breda
Breda
-
-

Keuken Kampioen Divisie
PAÍSES BAJOS: 

Clasificación


14:00
Den Bosch
Den Bosch
Roda
Roda
-
-

14:00
Den Haag
Den Haag
Venlo
Venlo
-
-

14:00
FC Emmen
FC Emmen
Willem II
Willem II
-
-

14:00
Jong Ajax
Jong Ajax
Helmond
Helmond
-
-

14:00
Jong PSV
Jong PSV
Dordrecht
Dordrecht
-
-

14:00
Jong Utrecht
Jong Utrecht
Almere City
Almere City
-
-

14:00
Maastricht
Maastricht
De Graafschap
De Graafschap
-
-

14:00
Oss
Oss
Cambuur
Cambuur
-
-

14:00
Vitesse
Vitesse
Jong AZ
Jong AZ
-
-

14:00
Waalwijk
Waalwijk
Eindhoven
Eindhoven
-
-

Liga 1 - Apertura
PERÚ: 

Clasificación


15:00
Alianza Atl.
Alianza Atl.
AD Tarma
AD Tarma
-
-

17:45
Melgar
Melgar
Los Chankas
Los Chankas
-
-

20:15
Deportivo Garcilaso
Deportivo Garcilaso
Cienciano
Cienciano
-
-

Ekstraklasa
POLONIA: 

Clasificación


12:00
Cracovia
Cracovia
Piast
Piast
-
-

14:30
Arka
Arka
Lechia
Lechia
-
-

Liga Portugal
PORTUGAL: 

Clasificación


13:45
Oporto
Oporto
Arouca
Arouca
-
-

15:45
Sporting CP
Sporting CP
Estoril
Estoril
-
-

Chance Liga
REPÚBLICA CHECA: 

Clasificación


12:00
Dukla Praga
Dukla Praga
Slavia Praga
Slavia Praga
-
-

Superliga
RUMANÍA: 

Clasificación


10:00
FC Hermannstadt
FC Hermannstadt
Botosani
Botosani
-
-

13:00
U. Cluj
U. Cluj
Otelul
Otelul
-
-

Premier League
RUSIA: 

Clasificación


11:30
Zenit
Zenit
Baltika
Baltika
-
-

Challenge League
SUIZA: 

Clasificación


13:30
Bellinzona
Bellinzona
Yverdon
Yverdon
-
-

14:15
Aarau
Aarau
Rapperswil-Jona
Rapperswil-Jona
-
-

Süper Lig
TURQUÍA: 

Clasificación


12:00
Başakşehir
Başakşehir
Konyaspor
Konyaspor
-
-

12:00
Trabzonspor
Trabzonspor
Karagumruk
Karagumruk
-
-

1. Lig
TURQUÍA: 

Clasificación


08:00
Erokspor
Erokspor
Boluspor
Boluspor
-
-

12:00
Istanbulspor
Istanbulspor
Igdir FK
Igdir FK
-
-

Premier League
UCRANIA: 

Clasificación


06:00
Dinamo Kiev
Dinamo Kiev
Epitsentr
Epitsentr
-
-

08:30
Shakhtar
Shakhtar
Veres-Rivne
Veres-Rivne
-
-

Liga AUF Uruguaya - Apertura
URUGUAY: 

Clasificación


18:00
Cerro CA
Cerro CA
Boston River
Boston River