
Anuncio

Resultados
Noticias
john2005_16@yahoo.com

Anuncio

Anuncio

Anuncio
Todos
EN DIRECTO
Cuotas
Finalizados
Próximos

28/02 Sa


Bundesliga
ALEMANIA: 

Clasificación


09:30
Bayer Leverkusen
Bayer Leverkusen
Mainz
Mainz
-
-

09:30
Borussia M'gladbach
Borussia M'gladbach
Union Berlin
Union Berlin
-
-

09:30
Hoffenheim
Hoffenheim
St. Pauli
St. Pauli
-
-

09:30
Werder Bremen
Werder Bremen
Heidenheim
Heidenheim
-
-

12:30
Borussia Dortmund
Borussia Dortmund
Bayern Múnich
Bayern Múnich
-
-

2. Bundesliga
ALEMANIA: 

Clasificación


07:00
Arminia Bielefeld
Arminia Bielefeld
Hannover
Hannover
-
-

07:00
Kaiserslautern
Kaiserslautern
Paderborn
Paderborn
-
-

07:00
Kiel
Kiel
Elversberg
Elversberg
-
-

14:30
Greuther Fürth
Greuther Fürth
Schalke
Schalke
-
-

3. Liga
ALEMANIA: 

Clasificación


08:00
Aue
Aue
Osnabruck
Osnabruck
-
-

08:00
Regensburg
Regensburg
Ulm
Ulm
-
-

08:00
Rostock
Rostock
RW Essen
RW Essen
-
-

08:00
Viktoria Köln
Viktoria Köln
Stuttgart II
Stuttgart II
-
-

08:00
Wehen
Wehen
Ingolstadt
Ingolstadt
-
-

10:30
Cottbus
Cottbus
Verl
Verl
-
-

Liga Profesional - Apertura
ARGENTINA: 

Clasificación


15:45
Boca Jrs.
Boca Jrs.
Gimnasia Mendoza
Gimnasia Mendoza
-
-

18:00
Independiente
Independiente
Central Córdoba
Central Córdoba
-
-

20:15
Talleres
Talleres
San Lorenzo
San Lorenzo
-
-

Primera Nacional
ARGENTINA: 

Clasificación


15:00
San Miguel
San Miguel
Chaco For Ever
Chaco For Ever
-
-

18:30
Agropecuario
Agropecuario
Nueva Chicago
Nueva Chicago
-
-

18:30
CA Estudiantes
CA Estudiantes
Alte. Brown
Alte. Brown
-
-

18:30
Colón
Colón
Ferro Carril Oeste
Ferro Carril Oeste
-
-

Jupiler Pro League
BÉLGICA: 

Clasificación


10:00
KV Mechelen
KV Mechelen
Waregem
Waregem
-
-

12:15
Antwerp
Antwerp
St. Truiden
St. Truiden
-
-

14:45
Anderlecht
Anderlecht
Leuven
Leuven
-
-

Alagoano - Playoffs
BRASIL: 

Cuadro


14:00
CRB
CRB
ASA
ASA
-
-

Baiano - Playoffs
BRASIL: 

Cuadro


15:00
Bahia
Bahia
Juazeirense
Juazeirense
-
-

Brasiliense
BRASIL: 

Clasificación


14:00
ARUC
ARUC
Real Brasilia
Real Brasilia
-
-

14:00
Brasiliense
Brasiliense
Ceilandia
Ceilandia
-
-

14:00
Capital
Capital
Gama
Gama
-
-

14:00
Paranoa
Paranoa
Samambaia
Samambaia
-
-

14:00
Sobradinho
Sobradinho
Brasilia
Brasilia
-
-

Capixaba - Playoffs
BRASIL: 

Cuadro


14:00
Rio Branco ES
Rio Branco ES
Porto Vitoria
Porto Vitoria
-
-

Carioca - Taça Río
BRASIL: 

Cuadro


17:30
Botafogo
Botafogo
Boavista
Boavista
-
-

Catarinense - Playoffs perdedores
BRASIL: 

Cuadro


14:30
Camboriu
Camboriu
Avaí
Avaí
-
-

16:30
Brusque
Brusque
Criciúma
Criciúma
-
-

Gaucho - Descenso
BRASIL: 

Clasificación


16:00
Guarany de Bage
Guarany de Bage
Avenida
Avenida
-
-

16:00
Inter Santa Maria
Inter Santa Maria
Monsoon
Monsoon
-
-

Goiano - Playoffs
BRASIL: 

Cuadro


14:00
Goiás
Goiás
Anapolina
Anapolina
-
-

Goiano - Puestos 5º-8º - Playoffs
BRASIL: 

Cuadro


14:00
Jataiense
Jataiense
CRAC
CRAC
-
-

15:00
Ouvidorense
Ouvidorense
Anapolis
Anapolis
-
-

Mineiro - Playoffs
BRASIL: 

Cuadro


16:30
Cruzeiro
Cruzeiro
Pouso Alegre
Pouso Alegre
-
-

Mineiro - Puestos 5º-8º
BRASIL: 

Cuadro


16:00
North Esporte Clube
North Esporte Clube
Uberlandia
Uberlandia
-
-

18:00
URT
URT
Tombense
Tombense
-
-

Paraibano - Playoffs
BRASIL: 

Cuadro


15:00
Sousa
Sousa
Campinense
Campinense
-
-

Paranaense - Playoffs
BRASIL: 

Cuadro


14:00
Operario
Operario
Londrina
Londrina
-
-

Paulista - Playoffs
BRASIL: 

Cuadro


18:30
Novorizontino
Novorizontino
Corinthians
Corinthians
-
-

Paulista A2 - Primera fase
BRASIL: 

Clasificación


13:30
Sao Bento
Sao Bento
Taubate
Taubate
-
-

16:00
Gremio Prudente
Gremio Prudente
Ferroviaria
Ferroviaria
-
-

16:00
Votuporanguense
Votuporanguense
Sao Jose EC
Sao Jose EC
-
-

17:00
Sertaozinho
Sertaozinho
Inter de Limeira
Inter de Limeira
-
-

Paulista A3
BRASIL: 

Clasificación


08:00
Uniao Suzano
Uniao Suzano
XV de Jau
XV de Jau
-
-

13:00
Rio Branco SP
Rio Branco SP
Uniao Barbarense
Uniao Barbarense
-
-

16:30
Marilia
Marilia
Desportivo
Desportivo
-
-

17:00
Bandeirante
Bandeirante
Rio Preto
Rio Preto
-
-

Paulista A4
BRASIL: 

Clasificación


09:00
Colorado Caieiras
Colorado Caieiras
Sao-Carlense
Sao-Carlense
-
-

13:00
Comercial
Comercial
Lemense
Lemense
-
-

13:00
Jabaquara
Jabaquara
Inter de Bebedouro
Inter de Bebedouro
-
-

13:00
Tanabi
Tanabi
Nacional SP
Nacional SP
-
-

13:00
Taquaritinga
Taquaritinga
Jacarei FC
Jacarei FC
-
-

13:30
AEA Aracatuba
AEA Aracatuba
Sao Caetano
Sao Caetano
-
-

14:00
Barretos EC
Barretos EC
ECUS SP
ECUS SP
-
-

17:30
Penapolense
Penapolense
Vocem
Vocem
-
-

Piauiense - Playoffs
BRASIL: 

Cuadro


15:00
Fluminense-PI
Fluminense-PI
Piaui
Piaui
-
-

Rondoniense
BRASIL: 

Clasificación


15:00
SRF
Genus
Genus
Barcelona RO
Barcelona RO
-
-

Roraimense
BRASIL: 

Clasificación


16:00
Atl. Roraima
Atl. Roraima
Rio Negro
Rio Negro
-
-

18:00
Bare
Bare
River-RR
River-RR
-
-

Sergipano - Playoffs
BRASIL: 

Cuadro


14:00
Itabaiana
Itabaiana
Confianca
Confianca
-
-

Sul-Matogrossense
BRASIL: 

Clasificación


17:00
SRF
Operario MS
Operario MS
Bataguassu
Bataguassu
-
-

Tocantinense
BRASIL: 

Clasificación


14:00
Araguaina
Araguaina
Uniao Carmolandense
Uniao Carmolandense
-
-

14:00
Guarai SC
Guarai SC
Gurupi
Gurupi
-
-

14:00
Palmas
Palmas
Bela Vista
Bela Vista
-
-

14:00
Tocantinopolis
Tocantinopolis
Capital FC
Capital FC
-
-

Brasileirao Sub-20
BRASIL: 

Tabla En Directo


13:00
Juventude Sub-20
Juventude Sub-20
Criciúma Sub-20
Criciúma Sub-20
-
-

13:30
Fortaleza Sub-20
Fortaleza Sub-20
Cuiabá Sub-20
Cuiabá Sub-20
-
-

Liga de Primera
CHILE: 

Clasificación


10:00
Coquimbo
Coquimbo
Dep. Concepción
Dep. Concepción
-
-

16:00
Limache
Limache
Huachipato
Huachipato
-
-

18:30
Palestino
Palestino
O'Higgins
O'Higgins
-
-

Primera A - Apertura
COLOMBIA: 

Clasificación


16:10
Alianza
Alianza
América de Cali
América de Cali
-
-

18:20
Jaguares de Córdoba
Jaguares de Córdoba
Junior
Junior
-
-

20:30
Ind. Medellín
Ind. Medellín
Atl. Bucaramanga
Atl. Bucaramanga
-
-

Primera B - Apertura
COLOMBIA: 

Tabla En Directo


14:00
Quindío
Quindío
U. Magdalena
U. Magdalena
-
-

16:00
Patriotas
Patriotas
Real Cundinamarca
Real Cundinamarca
-
-

17:00
Inter Palmira
Inter Palmira
Real Santander
Real Santander
-
-

Liga Femenina
COLOMBIA: 

Clasificación


16:30
Fortaleza F
Fortaleza F
Once Caldas F
Once Caldas F
-
-

K League 1
COREA DEL SUR: 

Clasificación


00:00
Incheon
Incheon
Seoul
Seoul
-
-

00:00
Ulsan HD
Ulsan HD
Gangwon
Gangwon
-
-

02:30
Gimcheon Sangmu
Gimcheon Sangmu
Pohang
Pohang
-
-

Liga Pro
ECUADOR: 

Tabla En Directo


14:00
Leones del Norte
Leones del Norte
Libertad
Libertad
-
-

16:30
Guayaquil City
Guayaquil City
Aucas
Aucas
-
-

19:00
Emelec
Emelec
Delfín
Delfín
-
-

Premiership
ESCOCIA: 

Clasificación


10:00
Dundee FC
Dundee FC
Hibernian
Hibernian
-
-

10:00
Falkirk
Falkirk
Kilmarnock
Kilmarnock
-
-

10:00
Hearts
Hearts
Aberdeen
Aberdeen
-
-

10:00
Livingston
Livingston
St. Mirren
St. Mirren
-
-

10:00
Motherwell
Motherwell
Dundee Utd
Dundee Utd
-
-

Championship
ESCOCIA: 

Clasificación


10:00
Airdrieonians
Airdrieonians
Morton
Morton
-
-

10:00
Dunfermline
Dunfermline
Queen's Park
Queen's Park
-
-

10:00
Partick Thistle
Partick Thistle
Arbroath
Arbroath
-
-

10:00
Ross County
Ross County
Raith
Raith
-
-

10:00
St. Johnstone
St. Johnstone
Ayr
Ayr
-
-

LaLiga EA Sports
ESPAÑA: 

Clasificación


08:00
Rayo Vallecano
Rayo Vallecano
Athletic Club
Athletic Club
-
-

10:15
Barcelona
Barcelona
Villarreal
Villarreal
-
-

12:30
Mallorca
Mallorca
Real Sociedad
Real Sociedad
-
-

15:00
Real Oviedo
Real Oviedo
Atlético de Madrid
Atlético de Madrid
-
-

LaLiga Hypermotion
ESPAÑA: 

Clasificación


10:15
Real Zaragoza
Real Zaragoza
Burgos CF
Burgos CF
-
-

12:30
Granada
Granada
Málaga
Málaga
-
-

12:30
Real Valladolid
Real Valladolid
Huesca
Huesca
-
-

15:00
Castellón
Castellón
R. Racing Club
R. Racing Club
-
-

MLS
ESTADOS UNIDOS: 

Clasificación


14:30
Chicago Fire
Chicago Fire
CF Montreal
CF Montreal
-
-

14:30
New York Red Bulls
New York Red Bulls
New England Revolution
New England Revolution
-
-

16:30
Colorado Rapids
Colorado Rapids
Portland Timbers
Portland Timbers
-
-

16:30
Minnesota United
Minnesota United
Cincinnati
Cincinnati
-
-

19:30
Real Salt Lake
Real Salt Lake
Seattle Sounders
Seattle Sounders
-
-

19:30
San Jose Earthquakes
San Jose Earthquakes
Atlanta Utd
Atlanta Utd
-
-

20:30
FC Dallas
FC Dallas
Nashville SC
Nashville SC
-
-

20:30
Houston Dynamo
Houston Dynamo
Los Angeles FC
Los Angeles FC
-
-

20:30
Sporting Kansas City
Sporting Kansas City
Columbus Crew
Columbus Crew
-
-

21:30
Vancouver Whitecaps
Vancouver Whitecaps
Toronto FC
Toronto FC
-
-

22:30
Los Angeles Galaxy
Los Angeles Galaxy
Charlotte
Charlotte
-
-

Ligue 1
FRANCIA: 

Clasificación


11:00
Stade Rennais
Stade Rennais
Toulouse
Toulouse
-
-

13:00
Mónaco
Mónaco
Angers
Angers
-
-

15:05
Le Havre
Le Havre
PSG
PSG
-
-

Ligue 2
FRANCIA: 

Clasificación


08:00
EA Guingamp
EA Guingamp
Rodez
Rodez
-
-

08:00
Red Star
Red Star
Le Mans
Le Mans
-
-

14:00
Pau FC
Pau FC
Saint-Étienne
Saint-Étienne
-
-

Superliga
GRECIA: 

Clasificación


10:00
OFI Creta
OFI Creta
AEL Larissa
AEL Larissa
-
-

12:30
Atromitos
Atromitos
Panetolikos
Panetolikos
-
-

13:00
Kifisia
Kifisia
Levadiakos
Levadiakos
-
-

Premier League
INGLATERRA: 

Clasificación


07:30
Bournemouth
Bournemouth
Sunderland
Sunderland
-
-

10:00
Burnley
Burnley
Brentford
Brentford
-
-

10:00
Liverpool
Liverpool
West Ham
West Ham
-
-

10:00
Newcastle
Newcastle
Everton
Everton
-
-

12:30
Leeds Utd
Leeds Utd
Manchester City
Manchester City
-
-

Championship
INGLATERRA: 

Clasificación


07:30
Derby
Derby
Blackburn
Blackburn
-
-

07:30
Leicester
Leicester
Norwich
Norwich
-
-

07:30
Portsmouth
Portsmouth
Hull
Hull
-
-

10:00
Charlton
Charlton
Wrexham
Wrexham
-
-

10:00
Coventry
Coventry
Stoke
Stoke
-
-

10:00
Ipswich
Ipswich
Swansea
Swansea
-
-

10:00
Oxford Utd
Oxford Utd
West Brom
West Brom
-
-

10:00
Preston
Preston
Millwall
Millwall
-
-

10:00
QPR
QPR
Sheffield Utd
Sheffield Utd
-
-

10:00
Sheffield Wed
Sheffield Wed
Southampton
Southampton
-
-

League One
INGLATERRA: 

Clasificación


07:30
Leyton Orient
Leyton Orient
Barnsley
Barnsley
-
-

07:30
Northampton
Northampton
Peterborough
Peterborough
-
-

10:00
Doncaster
Doncaster
Cardiff
Cardiff
-
-

10:00
Exeter
Exeter
Bolton
Bolton
-
-

10:00
Lincoln
Lincoln
Blackpool
Blackpool
-
-

10:00
Mansfield
Mansfield
Wimbledon
Wimbledon
-
-

10:00
Port Vale
Port Vale
Luton
Luton
-
-

10:00
Reading
Reading
Bradford City
Bradford City
-
-

10:00
Rotherham
Rotherham
Plymouth
Plymouth
-
-

10:00
Stevenage
Stevenage
Stockport
Stockport
-
-

10:00
Wigan
Wigan
Huddersfield
Huddersfield
-
-

10:00
Wycombe
Wycombe
Burton
Burton
-
-

League Two
INGLATERRA: 

Clasificación


07:30
Cambridge Utd
Cambridge Utd
MK Dons
MK Dons
-
-

07:30
Shrewsbury
Shrewsbury
Walsall
Walsall
-
-

07:30
Swindon
Swindon
Bristol Rovers
Bristol Rovers
-
-

10:00
Barnet
Barnet
Chesterfield
Chesterfield
-
-

10:00
Barrow
Barrow
Gillingham FC
Gillingham FC
-
-

10:00
Bromley
Bromley
Accrington
Accrington
-
-

10:00
Colchester
Colchester
Salford
Salford
-
-

10:00
Crewe
Crewe
Tranmere
Tranmere
-
-

10:00
Fleetwood
Fleetwood
Newport
Newport
-
-

10:00
Notts County
Notts County
Grimsby
Grimsby
-
-

10:00
Oldham
Oldham
Crawley
Crawley
-
-

National League
INGLATERRA: 

Clasificación


10:00
Aldershot
Aldershot
Rochdale
Rochdale
-
-

10:00
Brackley Town
Brackley Town
Altrincham
Altrincham
-
-

10:00
Eastleigh
Eastleigh
Carlisle
Carlisle
-
-

10:00
Gateshead
Gateshead
Forest Green
Forest Green
-
-

10:00
Halifax
Halifax
Sutton
Sutton
-
-

10:00
Scunthorpe
Scunthorpe
Solihull Moors
Solihull Moors
-
-

10:00
Tamworth
Tamworth
Boreham Wood
Boreham Wood
-
-

10:00
Truro
Truro
Braintree
Braintree
-
-

12:30
Morecambe
Morecambe
York
York
-
-

Serie A
ITALIA: 

Clasificación


09:00
Como
Como
Lecce
Lecce
-
-

12:00
Verona
Verona
Nápoles
Nápoles
-
-

14:45
Inter
Inter
Genoa
Genoa
-
-

Serie B
ITALIA: 

Clasificación


09:00
Empoli
Empoli
Cesena
Cesena
-
-

09:00
Modena
Modena
Padova
Padova
-
-

09:00
Sudtirol
Sudtirol
Venezia
Venezia
-
-

11:15
Spezia
Spezia
Reggiana
Reggiana
-
-

13:30
Avellino
Avellino
Juve Stabia
Juve Stabia
-
-

J1 League
JAPÓN: 

Clasificación


00:00
Urawa
Urawa
Kashima
Kashima
-
-

01:00
G-Osaka
G-Osaka
Shimizu
Shimizu
-
-

01:00
Tokyo
Tokyo
Kashiwa
Kashiwa
-
-

03:00
V-Varen Nagasaki
V-Varen Nagasaki
C-Osaka
C-Osaka
-
-

Liga MX - Clausura
MÉXICO: 

Clasificación


18:00
Atlético de San Luis
Atlético de San Luis
Puebla
Puebla
-
-

18:00
Toluca
Toluca
Guadalajara
Guadalajara
-
-

20:00
León
León
Necaxa
Necaxa
-
-

20:05
Monterrey
Monterrey
Cruz Azul
Cruz Azul
-
-

22:10
Club América
Club América
Tigres UANL
Tigres UANL
-
-

Liga de Expansión MX - Clausura
MÉXICO: 

Clasificación


18:00
Tlaxcala
Tlaxcala
Tepatitlán
Tepatitlán
-
-

20:00
Atl. Morelia
Atl. Morelia
Atl. La Paz
Atl. La Paz
-
-

20:00
Cancun
Cancun
Jaiba Brava
Jaiba Brava
-
-
Amistosos de Clubs
MUNDIAL: 


mostrar partidos (64)

Eredivisie
PAÍSES BAJOS: 

Clasificación


10:30
Heerenveen
Heerenveen
Sparta Rotterdam
Sparta Rotterdam
-
-

12:45
Heracles
Heracles
PSV
PSV
-
-

15:00
Nijmegen
Nijmegen
Sittard
Sittard
-
-

Copa de Primera - Apertura
PARAGUAY: 

Clasificación


16:30
S. Ameliano
S. Ameliano
Olimpia
Olimpia
-
-

18:30
2 de Mayo
2 de Mayo
Sportivo Trinidense
Sportivo Trinidense
-
-

Liga 1 - Apertura
PERÚ: 

Clasificación


11:00
Sport Huancayo
Sport Huancayo
Sporting Cristal
Sporting Cristal
-
-

13:15
UTC
UTC
Alianza Lima
Alianza Lima
-
-

19:00
Sport Boys
Sport Boys
Moquegua
Moquegua
-
-

Ekstraklasa
POLONIA: 

Clasificación


08:45
Pogon Szczecin
Pogon Szczecin
Widzew Lodz
Widzew Lodz
-
-

11:30
Motor Lublin
Motor Lublin
Korona
Korona
-
-

14:15
Katowice
Katowice
Gornik Zabrze
Gornik Zabrze
-
-

Liga Portugal
PORTUGAL: 

Clasificación


10:30
AFS
AFS
Estrela
Estrela
-
-

13:00
Nacional
Nacional
SC Braga
SC Braga
-
-

15:30
Vitória Guimaraes
Vitória Guimaraes
Alverca
Alverca
-
-

Liga Portugal 2
PORTUGAL: 

Clasificación


06:00
Sporting CP B
Sporting CP B
Leixoes
Leixoes
-
-

09:00
Torreense
Torreense
Oporto B
Oporto B
-
-

10:30
Vizela
Vizela
Chaves
Chaves
-
-

13:00
Leiria
Leiria
Portimonense
Portimonense
-
-

Chance Liga
REPÚBLICA CHECA: 

Clasificación


09:00
Liberec
Liberec
Hradec Kralove
Hradec Kralove
-
-

09:00
Mlada Boleslav
Mlada Boleslav
Jablonec
Jablonec
-
-

09:00
Pardubice
Pardubice
Teplice
Teplice
-
-

12:00
Sparta Praga
Sparta Praga
Ostrava
Ostrava
-
-

Superliga
RUMANÍA: 

Clasificación


08:00
Univ. Craiova
Univ. Craiova
Metaloglobus Bucharest
Metaloglobus Bucharest
-
-

13:00
Farul Constanta
Farul Constanta
CFR Cluj
CFR Cluj
-
-

Premier League
RUSIA: 

Clasificación


04:00
Orenburg
Orenburg
Akron Togliatti
Akron Togliatti
-
-

06:30
Krasnodar
Krasnodar
Rostov
Rostov
-
-

09:00
Lokomotiv Moscú
Lokomotiv Moscú
Pari NN
Pari NN
-
-

11:30
Dynamo Makhachkala
Dynamo Makhachkala
Rubin Kazan
Rubin Kazan
-
-

Super League
SUIZA: 

Clasificación


12:00
St. Gallen
St. Gallen
Winterthur
Winterthur
-
-

12:00
Thun
Thun
Lucerna
Lucerna
-
-

14:30
Servette
Servette
Sion
Sion
-
-

Challenge League
SUIZA: 

Clasificación


12:00
Lausanne Ouchy
Lausanne Ouchy
Etoile-Carouge
Etoile-Carouge
-
-

Süper Lig
TURQUÍA: 

Clasificación


05:30
Kasimpasa
Kasimpasa
Rizespor
Rizespor
-
-

08:00
Kocaelispor
Kocaelispor
Beşiktaş
Beşiktaş
-
-

12:00
Galatasaray
Galatasaray
Alanyaspor
Alanyaspor
-
-

12:00
Göztepe
Göztepe
Eyupspor
Eyupspor
-
-

1. Lig
TURQUÍA: 

Clasificación


05:30
Hatayspor
Hatayspor
Bodrumspor
Bodrumspor
-
-

05:30
Vanspor FK
Vanspor FK
Erzurumspor
Erzurumspor
-
-

12:00
Keciorengucu
Keciorengucu
Amedspor
Amedspor
-
-

Premier League
UCRANIA: 

Clasificación


06:00
LNZ Cherkasy
LNZ Cherkasy
Polissya Zhytomyr
Polissya Zhytomyr
-
-

08:30
Metalist 1925
Metalist 1925
Oleksandriya
Oleksandriya
-
-

Liga AUF Uruguaya - Apertura
URUGUAY: 

Clasificación


07:45
Albion
Albion
Racing Montevideo
Racing Montevideo
-
-

15:00
Danubio
Danubio
Progreso
Progreso
-
-

18:00
Central Esp.
Central Esp.
Wanderers
Wanderers
-
-

Liga FUTVE - Apertura
VENEZUELA: 

Clasificación


16:00
Carabobo
Carabobo
Caracas
Caracas
-
-

16:00
Dep. Táchira
Dep. Táchira
Metropolitanos
Metropolitanos
-
-

16:00
La Guaira
La Guaira
Rayo Zuliano
Rayo Zuliano
-
-

16:00
Portuguesa
Portuguesa
Monagas
Monagas
-
-

16:00
Puerto Cabello
Puerto Cabello
Estudiantes M.
Estudiantes M.
-
-

16:00
Trujillanos
Trujillanos
Anzoategui FC
Anzoategui FC
-
-

16:00
Universidad Central
Universidad Central
Zamora
Zamora