

Anuncio

Resultados
Noticias
john2005_16@yahoo.com

Anuncio

Anuncio

Anuncio
Todos
EN DIRECTO
Cuotas
Finalizados
Próximos

01/03 Do


Bundesliga
ALEMANIA: 

Clasificación


09:30
Stuttgart
Stuttgart
Wolfsburgo
Wolfsburgo
-
-

11:30
Eintracht Fráncfort
Eintracht Fráncfort
Friburgo
Friburgo
-
-

13:30
Hamburgo
Hamburgo
RB Leipzig
RB Leipzig
-
-

2. Bundesliga
ALEMANIA: 

Clasificación


07:30
Braunschweig
Braunschweig
Preussen Münster
Preussen Münster
-
-

07:30
Hertha BSC
Hertha BSC
Núremberg
Núremberg
-
-

07:30
Magdeburgo
Magdeburgo
Karlsruher
Karlsruher
-
-

3. Liga
ALEMANIA: 

Clasificación


07:30
Mannheim
Mannheim
Aachen
Aachen
-
-

10:30
Duisburgo
Duisburgo
Havelse
Havelse
-
-

13:30
Schweinfurt
Schweinfurt
Saarbrücken
Saarbrücken
-
-

Liga Profesional - Apertura
ARGENTINA: 

Clasificación


15:00
Newell's
Newell's
Rosario Central
Rosario Central
-
-

17:15
Argentinos Jrs.
Argentinos Jrs.
Barracas Central
Barracas Central
-
-

19:30
Defensa y Justicia
Defensa y Justicia
Lanús
Lanús
-
-

19:30
Instituto
Instituto
Unión Santa Fe
Unión Santa Fe
-
-

19:30
Tigre
Tigre
Gimnasia L.P.
Gimnasia L.P.
-
-

Primera Nacional
ARGENTINA: 

Clasificación


15:00
All Boys
All Boys
Ciudad Bolivar
Ciudad Bolivar
-
-

15:00
Club A. Guemes
Club A. Guemes
Chacarita
Chacarita
-
-

15:00
Deportivo Morón
Deportivo Morón
Central Norte
Central Norte
-
-

15:00
Gimnasia Jujuy
Gimnasia Jujuy
Quilmes
Quilmes
-
-

15:00
Godoy Cruz
Godoy Cruz
Deportivo Madryn
Deportivo Madryn
-
-

15:00
Los Andes
Los Andes
Def. de Belgrano
Def. de Belgrano
-
-

15:00
Midland
Midland
Colegiales
Colegiales
-
-

15:00
San Telmo
San Telmo
Acassuso
Acassuso
-
-

16:00
Racing Cordoba
Racing Cordoba
CA Mitre
CA Mitre
-
-

18:30
Atl. Rafaela
Atl. Rafaela
Temperley
Temperley
-
-

18:30
San Martín Tuc.
San Martín Tuc.
Deportivo Maipú
Deportivo Maipú
-
-

18:30
Tristán Suárez
Tristán Suárez
San Martín S.J.
San Martín S.J.
-
-

Jupiler Pro League
BÉLGICA: 

Clasificación


07:30
Genk
Genk
Gent
Gent
-
-

10:00
Westerlo
Westerlo
Royale Union SG
Royale Union SG
-
-

12:30
Charleroi
Charleroi
Club Brujas
Club Brujas
-
-

13:15
Círculo Brujas
Círculo Brujas
Dender
Dender
-
-

Amazonense - Segunda fase
BRASIL: 

Clasificación


14:30
Parintins
Parintins
Amazonas
Amazonas
-
-

15:00
Princesa do Solimoes
Princesa do Solimoes
Nacional-AM
Nacional-AM
-
-

Baiano - Playoffs
BRASIL: 

Cuadro


15:00
Vitória
Vitória
Jacuipense
Jacuipense
-
-

Capixaba - Playoffs
BRASIL: 

Cuadro


14:00
Vitoria ES
Vitoria ES
Forte
Forte
-
-

Carioca - Grupo Descenso
BRASIL: 

Clasificación


15:00
Marica
Marica
Nova Iguacu
Nova Iguacu
-
-

Carioca - Taça Guanabara - Playoffs
BRASIL: 

Cuadro


16:00
Fluminense
Fluminense
Vasco
Vasco
-
-

Catarinense - Playoffs
BRASIL: 

Cuadro


16:00
Barra FC
Barra FC
Chapecoense
Chapecoense
-
-

Cearense - Playoffs
BRASIL: 

Cuadro


16:00
Fortaleza
Fortaleza
Ceará
Ceará
-
-

Gaucho - Playoffs
BRASIL: 

Cuadro


15:00
Grêmio
Grêmio
Internacional
Internacional
-
-

Goiano - Playoffs
BRASIL: 

Cuadro


15:00
Vila Nova
Vila Nova
Atlético-GO
Atlético-GO
-
-

Maranhense - Playoffs
BRASIL: 

Cuadro


14:00
Iape
Iape
Maranhao
Maranhao
-
-

Matogrossense - Playoffs
BRASIL: 

Cuadro


16:00
Mixto
Mixto
Luverdense
Luverdense
-
-

Mineiro - Playoffs
BRASIL: 

Cuadro


16:00
América-MG
América-MG
Atlético-MG
Atlético-MG
-
-

Paraense - Playoffs
BRASIL: 

Cuadro


15:00
Remo
Remo
Paysandu
Paysandu
-
-

Paraibano - Playoffs
BRASIL: 

Cuadro


16:00
Serra Branca
Serra Branca
Botafogo PB
Botafogo PB
-
-

Paulista - Playoffs
BRASIL: 

Cuadro


18:30
Palmeiras
Palmeiras
Sao Paulo
Sao Paulo
-
-

Paulista A2 - Primera fase
BRASIL: 

Clasificación


08:00
Juventus-SP
Juventus-SP
Piracicaba
Piracicaba
-
-

08:00
Linense
Linense
Santo Andre
Santo Andre
-
-

08:00
Monte Azul
Monte Azul
Agua Santa
Agua Santa
-
-

08:00
Osasco Sporting
Osasco Sporting
Ituano
Ituano
-
-

Paulista A3
BRASIL: 

Clasificación


08:00
Itapirense
Itapirense
Uniao Sao Joao
Uniao Sao Joao
-
-

08:00
Portuguesa Santista
Portuguesa Santista
Catanduva
Catanduva
-
-

08:00
Rio Claro
Rio Claro
EC Sao Bernardo
EC Sao Bernardo
-
-

13:00
Paulista
Paulista
Francana
Francana
-
-

Pernambucano - Playoffs
BRASIL: 

Cuadro


16:00
Sport Recife
Sport Recife
Náutico
Náutico
-
-

Rondoniense
BRASIL: 

Clasificación


14:30
SRF
Ji-Parana
Ji-Parana
Uniao Cacoalense
Uniao Cacoalense
-
-

16:00
SRF
Porto Velho
Porto Velho
Guapore
Guapore
-
-

Sergipano - Playoffs
BRASIL: 

Cuadro


15:00
Sergipe
Sergipe
America SE
America SE
-
-

Sul-Matogrossense
BRASIL: 

Clasificación


14:00
SRF
Aguia Negra
Aguia Negra
Naviraiense
Naviraiense
-
-

14:00
SRF
Costa Rica
Costa Rica
Corumbaense
Corumbaense
-
-

14:00
SRF
Dourados
Dourados
CR Aquidauana
CR Aquidauana
-
-

14:00
SRF
Pantanal
Pantanal
Ivinhema
Ivinhema
-
-

Brasileirao Sub-20
BRASIL: 

Tabla En Directo


13:00
Santos Sub-20
Santos Sub-20
Cruzeiro Sub-20
Cruzeiro Sub-20
-
-

13:00
Vasco Sub-20
Vasco Sub-20
Sao Paulo Sub-20
Sao Paulo Sub-20
-
-

Liga de Primera
CHILE: 

Clasificación


10:00
U. De Concepción
U. De Concepción
Everton
Everton
-
-

16:00
Colo Colo
Colo Colo
U. De Chile
U. De Chile
-
-

18:30
Ñublense
Ñublense
U. Católica
U. Católica
-
-

Primera A - Apertura
COLOMBIA: 

Clasificación


14:00
Dep. Pasto
Dep. Pasto
Cúcuta
Cúcuta
-
-

16:00
Aguilas Doradas
Aguilas Doradas
Inter Bogotá
Inter Bogotá
-
-

18:10
Deportivo Cali
Deportivo Cali
Fortaleza
Fortaleza
-
-

20:30
Tolima
Tolima
Atl. Nacional
Atl. Nacional
-
-

Primera B - Apertura
COLOMBIA: 

Tabla En Directo


17:00
Orsomarso
Orsomarso
Envigado
Envigado
-
-

Liga Femenina
COLOMBIA: 

Clasificación


15:00
Ind. Medellín F
Ind. Medellín F
Real Santander F
Real Santander F
-
-

15:00
Orsomarso F
Orsomarso F
Deportivo Cali F
Deportivo Cali F
-
-

17:00
Dep. Pasto F
Dep. Pasto F
Inter Palmira F
Inter Palmira F
-
-

17:00
Junior F
Junior F
Llaneros F
Llaneros F
-
-

K League 1
COREA DEL SUR: 

Clasificación


00:00
Jeonbuk
Jeonbuk
Bucheon
Bucheon
-
-

02:30
Jeju SK
Jeju SK
Gwangju
Gwangju
-
-

Liga Pro
ECUADOR: 

Tabla En Directo


12:00
LDU Quito
LDU Quito
Macará
Macará
-
-

14:30
Mushuc Runa
Mushuc Runa
U. Católica
U. Católica
-
-

17:00
Dep. Cuenca
Dep. Cuenca
Barcelona SC
Barcelona SC
-
-

Premiership
ESCOCIA: 

Clasificación


07:00
Rangers
Rangers
Celtic
Celtic
-
-

LaLiga EA Sports
ESPAÑA: 

Clasificación


08:00
Elche
Elche
Espanyol
Espanyol
-
-

10:15
Valencia
Valencia
Osasuna
Osasuna
-
-

12:30
Real Betis
Real Betis
Sevilla
Sevilla
-
-

15:00
Girona
Girona
Celta de Vigo
Celta de Vigo
-
-

LaLiga Hypermotion
ESPAÑA: 

Clasificación


08:00
Real Sociedad B
Real Sociedad B
Deportivo de La Coruña
Deportivo de La Coruña
-
-

10:15
Mirandés
Mirandés
AD Ceuta
AD Ceuta
-
-

10:15
Real Sporting
Real Sporting
Leganés
Leganés
-
-

12:30
Cultural Leonesa
Cultural Leonesa
Las Palmas
Las Palmas
-
-

15:00
Eibar
Eibar
Cádiz
Cádiz
-
-

MLS
ESTADOS UNIDOS: 

Clasificación


14:30
Austin FC
Austin FC
DC United
DC United
-
-

16:30
Philadelphia Union
Philadelphia Union
New York City
New York City
-
-

19:00
Orlando City
Orlando City
Inter Miami
Inter Miami
-
-

21:15
San Diego FC
San Diego FC
St. Louis City
St. Louis City
-
-

Ligue 1
FRANCIA: 

Clasificación


09:00
Paris FC
Paris FC
Niza
Niza
-
-

11:15
Lille
Lille
Nantes
Nantes
-
-

11:15
Lorient
Lorient
Auxerre
Auxerre
-
-

11:15
Metz
Metz
Brest
Brest
-
-

14:45
Marsella
Marsella
Lyon
Lyon
-
-

Superliga
GRECIA: 

Clasificación


09:00
Panserraikos
Panserraikos
Olympiacos
Olympiacos
-
-

10:30
Volos
Volos
AEK
AEK
-
-

12:00
PAOK
PAOK
Asteras T.
Asteras T.
-
-

13:00
Panathinaikos
Panathinaikos
Aris
Aris
-
-

Premier League
INGLATERRA: 

Clasificación


09:00
Brighton
Brighton
Nottingham Forest
Nottingham Forest
-
-

09:00
Fulham
Fulham
Tottenham
Tottenham
-
-

09:00
Manchester Utd
Manchester Utd
Crystal Palace
Crystal Palace
-
-

11:30
Arsenal
Arsenal
Chelsea
Chelsea
-
-

Serie A
ITALIA: 

Clasificación


06:30
Cremonese
Cremonese
AC Milan
AC Milan
-
-

09:00
Sassuolo
Sassuolo
Atalanta
Atalanta
-
-

12:00
Torino
Torino
Lazio
Lazio
-
-

14:45
Roma
Roma
Juventus
Juventus
-
-

Serie B
ITALIA: 

Clasificación


09:00
Catanzaro
Catanzaro
Frosinone
Frosinone
-
-

09:00
Pescara
Pescara
Palermo
Palermo
-
-

11:15
Mantova
Mantova
Carrarese
Carrarese
-
-

J1 League
JAPÓN: 

Clasificación


00:00
Okayama
Okayama
Nagoya
Nagoya
-
-

02:00
Kawasaki
Kawasaki
Mito
Mito
-
-

Liga de Expansión MX - Clausura
MÉXICO: 

Clasificación


13:00
Leones Negros
Leones Negros
Atlante
Atlante
-
-
Amistosos de Clubs
MUNDIAL: 


mostrar partidos (7)

Eredivisie
PAÍSES BAJOS: 

Clasificación


06:15
Zwolle
Zwolle
Ajax
Ajax
-
-

08:30
FC Volendam
FC Volendam
Groningen
Groningen
-
-

08:30
Twente
Twente
Feyenoord
Feyenoord
-
-

10:45
Utrecht
Utrecht
AZ Alkmaar
AZ Alkmaar
-
-

14:00
Excelsior
Excelsior
G.A. Eagles
G.A. Eagles
-
-

Copa de Primera - Apertura
PARAGUAY: 

Clasificación


16:30
Nacional Asunción
Nacional Asunción
Guaraní
Guaraní
-
-

18:30
Cerro Porteño
Cerro Porteño
Recoleta
Recoleta
-
-

Liga 1 - Apertura
PERÚ: 

Clasificación


13:00
Comerciantes Unidos
Comerciantes Unidos
Grau
Grau
-
-

15:30
Juan Pablo II
Juan Pablo II
Cusco
Cusco
-
-

18:00
Universitario
Universitario
FC Cajamarca
FC Cajamarca
-
-

Ekstraklasa
POLONIA: 

Clasificación


06:15
Termalica B-B.
Termalica B-B.
Radomiak Radom
Radomiak Radom
-
-

08:45
Jagiellonia
Jagiellonia
Legia
Legia
-
-

11:30
Lech Poznan
Lech Poznan
Rakow
Rakow
-
-

Liga Portugal
PORTUGAL: 

Clasificación


10:30
Tondela
Tondela
Santa Clara
Santa Clara
-
-

13:00
Casa Pia
Casa Pia
Moreirense
Moreirense
-
-

15:30
Rio Ave
Rio Ave
Famalicao
Famalicao
-
-

Liga Portugal 2
PORTUGAL: 

Clasificación


06:00
Farense
Farense
Lusitania FC
Lusitania FC
-
-

09:00
Academico Viseu
Academico Viseu
Marítimo
Marítimo
-
-

10:30
P. Ferreira
P. Ferreira
Oliveirense
Oliveirense
-
-

13:00
Penafiel
Penafiel
Benfica B
Benfica B
-
-

Chance Liga
REPÚBLICA CHECA: 

Clasificación


07:00
Karvina
Karvina
Slovacko
Slovacko
-
-

09:30
Zlin
Zlin
Plzen
Plzen
-
-

12:30
Sigma Olomouc
Sigma Olomouc
Bohemians
Bohemians
-
-

Superliga
RUMANÍA: 

Clasificación


08:45
Petrolul
Petrolul
Csikszereda M. Ciuc
Csikszereda M. Ciuc
-
-

11:00
Dinamo Bucarest
Dinamo Bucarest
FC Arges
FC Arges
-
-

14:00
UTA Arad
UTA Arad
FCSB
FCSB
-
-

Premier League
RUSIA: 

Clasificación


05:00
Dinamo Moscú
Dinamo Moscú
Kr. Sovetov
Kr. Sovetov
-
-

08:30
Sochi
Sochi
Spartak Moscú
Spartak Moscú
-
-

11:00
Akhmat Grozny
Akhmat Grozny
CSKA Moscú
CSKA Moscú
-
-

Super League
SUIZA: 

Clasificación


08:00
Lausanne
Lausanne
Basilea
Basilea
-
-

10:30
Grasshoppers
Grasshoppers
Lugano
Lugano
-
-

10:30
Young Boys
Young Boys
Zúrich
Zúrich
-
-

Challenge League
SUIZA: 

Clasificación


08:00
Vaduz
Vaduz
Nyonnais
Nyonnais
-
-

08:00
Xamax
Xamax
Wil
Wil
-
-

Süper Lig
TURQUÍA: 

Clasificación


08:00
Genclerbirligi
Genclerbirligi
Kayserispor
Kayserispor
-
-

12:00
Antalyaspor
Antalyaspor
Fenerbahçe
Fenerbahçe
-
-

12:00
Samsunspor
Samsunspor
Gaziantep
Gaziantep
-
-

1. Lig
TURQUÍA: 

Clasificación


05:30
Adana Demirspor
Adana Demirspor
Pendikspor
Pendikspor
-
-

05:30
Serik Spor
Serik Spor
Sivasspor
Sivasspor
-
-

08:00
Umraniyespor
Umraniyespor
Bandirmaspor
Bandirmaspor
-
-

12:00
Sakaryaspor
Sakaryaspor
Sariyer
Sariyer
-
-

Premier League
UCRANIA: 

Clasificación


06:00
Kryvbas
Kryvbas
Zorya
Zorya
-
-

08:30
Obolon
Obolon
Rukh Lviv
Rukh Lviv
-
-

11:00
Karpaty Lviv
Karpaty Lviv
Kolos Kovalivka
Kolos Kovalivka
-
-

Liga AUF Uruguaya - Apertura
URUGUAY: 

Clasificación


07:45
Liverpool M.
Liverpool M.
Cerro Largo
Cerro Largo
-
-

17:30
Nacional
Nacional
Peñarol
Peñarol